VH,VL,hv,lv,CNN_H,CNN_L,CNN_P
EVQ-LARSGA-EPTMPGETVKLSCKTSGYNAS-------DTSFYIG-AARQ-T-G-G-K--G-LE-WMGHISPTN----------GNPIYY--S--E--KI--Q---ARLTLTA-D---T-T--TE----T-TYIQLLAFKS-EDSAMFYAARHRTGHYYGY---------------GSYWPLNGGDIWG-GGTLVTVSA,ESV-LTQSPGSLIISVGERATISCKASQDLVND------TGHSFPH-WYLG-K-P-G-T--A-PK-LLGYGA----------------SNR--A--S--GA--P---GRFNGSG-------S--GT----D-FSLTISRLKP-KDVATYYCQQYNATP-----------------------PTYRSQTYG-GGTRAEIK-,hv1,kv3,5.2709078e-05,0.99086756,3.247098e-10
QVG-LVQSGP-EVKTPGESVKISCTAGGYSFS-------SGLYWID-WVRE-R-H-G-Q--G-LE-WMGMIHPST----------SENTKY--N--P--SF--Q---SRVTISV-N---N-S--TN----T-AKEELSSLKA-EDTATYLAARSAAVDVYTR---------------GAYGKADRFEAWG-QGALATVSS,ELV-LTQSPLSTSVSPGERATLSCRASQSLVYG-----NGYNNLAA-VTRQ-M-P-A-E--A-TR-LLISGG----------------STR--A--T--GV--G---SRLSGSG-------S--GT----D-YTLTINSLQS-EDFAAYYAMRYNNWP-----------------------TRLIKQTFG-GGTKLEIK-,hv1,kv3,0.23463461,0.9999998,1.132745e-10
QAR-LVESGA-EVTKTGQSTKVSAKMSANTYS-------SADYTVS-AVHQ-Y-P-G-K--A-LF-WIGHIYYPN----------GYYRDN--A--G--SF--Q---GRVTIST-D---A-S--KS----T-TYLTLSSLKS-EATAIYRCQYRRRYYKVGV---------------SSYVPLDWYDNLG-QGTLVTVSS,DVV-MTQSPESLAVNPGERISISCKGSQSLIAS------DGQNYVH-WYKA-K-P-G-Q--S-PK-ILAYSA----------------SNR--A--T--GV--P---ARISGSG-------P--GT----G-FTLAISSIQA-EGLTTNRCQRELETA-----------------------IVRSFRPFA-GGTVLEIK-,hv4,kv3,0.61598796,0.00066507445,1.6990032e-28
EVQ-LLQSGA-GAKKPGATVTISCVVSGYSYS-------SYYSGID-KVRQ-R-P-G-H--G-KD-CVGGIYPRS----------GYYTHY--T--E--KF--Q---GRVTYPS-G---K-Q--TN----N-AYLQLNSVTT-EDTAVYYCARPGLESFYGV---------------GVNWSHNNSMSIG-QGTLVTVSE,GIR-ITQSRASLSVSAGEPASIQARVSQSLIKG------DISNYLE-YYQR-K-P-G-Q--P-PK-LFIYSA----------------STR--A--T--GV--P---ARLPGSG-------S--GT----D-FTLTISSVGS-EDFGIYYCQRVENTP-----------------------PQLGQPTFD-QGTKLEIK-,hv1,kv4,0.99302053,0.97079337,1.3413685e-36
EVQ-LVEIGP-EDKKPGTTLKLSCVPSGVSFH-------STNYAVS-GVKQ-S-P-G-Q--G-PE-AMGNTYPSS----------GCDTDY--C--Q--KF--Q---VRATITT-R---R-S--TS----T-VYLELNSLKP-DDPAVYYCARVSHNTEKTP---------------GSYFHPGDEELWG-QGTLVTALS,DIV-LTDSPSGLSASTGERPTISKRVSNSLSDF------DRSTTLA-WFFQAR-P-G-R--S-EK-ALIRAA----------------SSR--A--S--GV--P---VRFSGSG-------S--MT----S-FAFTISSLEA-EHPATYYCQQSRDDP-----------------------AARASAAFG-GGTRVEIA-,hv1,kv3,3.3512722e-05,0.9973639,9.072106e-29
EVQ-EVDEGG-EVVKPGKSARISCKNSGYGFS-------SQSYAVS-WIRE-A-E-G-K--G-LA-AMTVISPTG----------AAGIHR--N--E--KV--Q---GRVTISK-D---H-S--SN----T-VYLEMNSLKS-EGTAIYAAARNGQYNFVVV---------------GSYWGYGLFDSWG-EGALCTVSS,ETV-LTQSPFTLSVSPGEPITVSCRSPQNLVDS------NVYNNIN-WYQK-K-P-G-Q--A-PP-RLIYVN----------------SNG--A--S--GA--P---DELKGSG-------S--GT----D-FVLTIRRIKD-EEVVVYYCQKSIVSP-----------------------VEWVVATFG-QNTRVEIK-,hv3,kv2,4.8125236e-07,0.003711752,2.5408514e-29
EVR-LVQSGR-EVVKVGESLKISCKASEYNFS-------STNYYTG-WVRK-P-P-G-Q--V-RM-WISYIYHTT----------TEGTNY--S--A--VV--K---PYAGVCY-G---K-S--IN----T-VTLHMNSVKA-SDTAVYYCANTIRYDVYSV---------------SPTWDHDWVDSWG-QGTLVTVPQ,DSQ-LTQSQSSWSLSVGDFVHGTCKTSQSLSQP------DVYSYTH-WSRR-H-P-A-Q--T-PK-LLIYLA----------------STR--G--S--GV--G---THISGSG-------S--GT----D-YTLTISSFRA-GGFATRFCQQSRADT-----------------------TRAGRQTDG-SGTKVGTK-,hv5,kv1,0.9836777,5.3125916e-07,0.0
QAG-LVQSGA-ELKKTGSSLRVSCKSSWYTYS-------SSYYAIH-IIRE-A-P-S-K--G-LE-WVSRINSRH----------GYYTTY--A--P--SI--Q---GRVTFST-D---K-S--TS----T-IYMPLSSLSS-EDTAVYFCAPHASEHYVGS---------------GTSWLHDWAESSG-QGTTVTASN,DIV-ITQSPLTCSVSLGETTSVSRRTSQNLIDN------NKYHYFA-WYQQ-K-P-G-Q--A-PT-LLIYAG----------------SYR--A--S--AV--S---DRPSRSG-------S--GI----D-YTLTISSVEC-DGVAVRYCQRSNSTP-----------------------TRLAALDFA-AGTKPEIK-,hv1,kv4,0.9988612,0.0004835215,1.1373636e-20
QVF-LVQSGA-ELTNPGASVKVSCKTSGYSFS-------TTSYGMS-WIRR-A-G-G-Q--G-LE-AIGWISHRS----------GYRTNA--S--P--KF--Q---GRVTINT-G---A-S--TS----T-VYTQLRSLKP-EDTTVYYSARDGAHSFVAA---------------GSAWGLDWGGYAG-EGTIVTVSA,DIV-ITTSPMTRSVSVGEAASISCCRSQSCIDG------NGYNYMN-WYRQ-K-S-G-Q--A-PR-ELIYGA----------------SKV--A--T--GF--P---ARFSASG-------S--GT----D-FTLTISNVEP-GGVGSYYCQRARSTP-----------------------SKRAYQTFG-AGTRVEIK-,hv1,kv2,0.981846,0.23250976,2.6188951e-24
VAQ-TLQSGP-ELMQPGASVKISCTDSGYTIS-------STSYAFS-WARG-S-G-G-K--S-LE-WVGWIHWHT----------GVGTQY--A--D--SF--Q---GRATSDR-D---K-S--KN----T-ASAQFNSARS-EHSGVAYGASDRTTTTYGL---------------GRPVVVGWADSWN-QGTLATASS,DLV-LTQSPASVSVTPGTSASISCQSSQSQVDS-----NDYNYANR-AYQQ-M-P-G-Q--A-PT-LMIRSA----------------SYR--P--S--GV--P---SRISSSG-------S--GT----S-ASLTISRVQE-ENEANYRCQTSSVSG-----------------------NRICSPVFN-SGTKLEIK-,hv3,kv2,0.37360576,0.773197,1.320195e-28
EVQ-LQESGA-GLVKTSESGSISCTTSGGGGP-------SGGYWMS-WGRQ-G-P-G-G--G-LE-WSGRIYGVS----------GDGTNG--R--G--SL--K---ERGTLSP-D---T-S--TN----T-ASLGMSSVTA-SDTALYYGARGAMGGPVGG---------------GSYGGLNGGDGQG-QGTLVTVSS,DYV-LTGSPASASVSPGESPTISCRATQTFVDG------DGTKYVA-WAAQAK-P-G-Q--A-PK-LLISLD----------------SNR--P--T--GV--P---SRFSGSG-------S--GT----D-YSLTINTLQN-EDVADYYCQQVRSSP-----------------------PARGSPSYA-ALTKLDAK-,hv4,kv3,0.0038169462,0.15165652,8.171479e-24
EVE-LCESGA-EVEKPGSSVKVTCKVTGYAFS-------STSYAIS-KVVQ-A-G-N-P--S-LA-SIGELSPSS----------GDYTRY--N--E--KV--T---AKVTLTA-D---K-S--TN----T-TYLELTPLTS-EGTAIYICTRRARYDRSGV---------------GSDYVGDWQDPAG-QGTLATVSS,ETV-LTQSPGTVTVSPGERATMSAKVSISTRMS------VSTNYLN-WYEQ-K-P-G-Q--A-PR-LLIHGA----------------SNR--A--S--GV--S---ARLSGSG-------S--GS----L-FSRTISSNED-EQLAIYYCDQNTSDP-----------------------ECLPRDTYG-GGTKLEIK-,hv1,kv3,0.15068822,0.99999887,2.0774158e-30
EAQ-LQESGA-ELNKTGASAKVSCTHSGYSLS-------DTSYYIN-GAKQ-A-P-D-K--G-PF-ALGGLYASS----------RYGDDT--A--Q--ST--K---SLVHVTR-D---R-T--KN----T-TSLELSSLKA-EGTGIYYALGWGSYGKAGL---------------GCSGLDGYFAYWA-QSTLVTASS,EIV-LTRSPATVTVSPLQRATVSCRNSNSNVDS------DGYSYLH-WYQQ-K-P-G-Q--A-PK-LAIGSA----------------SNR--V--S--GV--P---SRFSGSG-------S--LT----D-YALTISSLQA-GDAADYACGAAANDT-----------------------PGRGSATFG-PGTRVTIK-,hv7,kv3,1.2414405e-07,0.9278337,3.5600057e-26
EVE-LVQSGP-ETVKPDKSVKVSCKTEAYSFS-------TPSHYVS-AARS-S-T-G-Q--G-LE-WMPGIYASS----------GYKTDY--A--E--PV--Q---SRVTKTV-D---K-T--TT----T-AYTELSSLTA-KDTAVYYIARDGTYDRYAG---------------GHYGHHNWEDYWG-QATMATVSH,EGV-MTQSPATLRLSEGERVTISCTYSQNNISI------NSYNDIG-WYIQ-K-P-G-Q--P-PE-TLIYLS----------------SVR--A--T--GI--Q---DHFSGSG-------A--RT----D-YALTITRMQP-EDLAVYYCQQSNEDP-----------------------PNGGPTTFG-GGSRVEIK-,hv1,kv3,0.99515665,0.0025676861,3.3518612e-20
QAE-RVRSGE-ELKQPADSVKISCKTSGNTFS-------SSHGEMN-WVKH-A-P-C-Q--G-RE-WLGYTLARS----------GYGTHY--S--P--KF--V---GRTTITA-G---K-T--SS----T-TKMQLSSLMS-EGSAVYRCARVSTTSCNGL---------------PSYYPHGGADVWG-QGTTVTVSS,ESV-ITQSPSSQPASPGELLTISCQASPINIVN-----KSYNHIAC-EYQQ-M-P-G-Q--V-SK-LLTAGA----------------SIR--P--S--VV--P---SRHSGSS-------S--GT----L-YTLTISFIAS-EDFAVYVCQNFCSLK-----------------------ACWGSVAGG-GETKVEIK-,hv1,kv3,0.99555284,0.9985178,0.0
EAQ-LVFSGA-ELTQPGNSLAISAKSSEDSIY-------SVNYVVS-WVRE-A-P-G-Q--G-HL-IMGGIHPVP----------NTGTKY--G--Q--VF--Q---GRVTITA-D---N-S--TN----T-AYVKSTSFPS-DDTAVYYCTRHTFCGGVNL---------------GSGYLQTAFDYWG-QGTAVIVSS,GIV-MTQSPATLSASPGETATISCKGSNSISDN------AGPNYLA-WYQQ-K-P-A-P--P-PK-LLIYSA----------------SNR--A--N--GD--P---EGFSGSG-S---A-P--GV-------SLTSSSVEE-GDAAARYCQQTNVVP-----------------------AKWETKTFV-PGIKLEIA-,hv1,kv3,0.04980774,0.002815849,4.060977e-24
TVQ-LRQSGS-EAKRPVESLKVSAKASSVSFS-------SGAYYAS-DIRQ-A-P-G-N--T-LE-WMGAANAAN----------SNDTAY--N--Q--SF--Q---GRVTINR-D---K-T--IT----T-AYLQLNNLTA-EDTDCFYCATDASCDFITN---------------GPYYFNDWADTWG-QGTMVVVFS,EIV-TTQSGSTMSVPLGEHATISCRGSESPVSS------YESNLGA-WYQQ-K-P-A-K--A-PK-RLIYRY----------------SNR--P--S--GV--P---SRFSGSF-------S--GT----D-VTLDISSLQS-EDVAIRYAQQFSNLP-----------------------STFGLTTFG-QGTKVVIK-,hv1,lv1,0.9928786,0.27461064,4.4242777e-21
EVQ-RQQSGA-EVTKPGGSLKVSCKTSGYTFS-------STTAAVS-WVKQ-P-H-G-T--G-LE-WTGWLYHES----------GDGTNY--A--E--SV--R---GRVTVSY-G---K-S--TS----T-ASLQMSSLRS-EGTHVYYSARPGTGDWWGV---------------GWGWGGNWFDSWA-QGTTVTGSS,EAP-LTQSGLSLSASSGNRATHTCRTSQAKVQN------SIYIYIH-WYQQ-K-P-A-K--S-PQ-LLIYGA----------------SSR--G--T--GV--P---SRFSGSG-------S--GT----D-YTLTISSLQP-EDYATYFCQQSNVSP-----------------------NNYESQTHE-QGTKEEIQ-,hv1,kv3,0.9264474,0.8259867,8.7891234e-23
QVG-FVEWAG-GVKIPSASKKLSCKASVGSVS-------STNYGIS-AVRQ-A-G-A-E--G-LK-AVGWISGMG----------GTYTDY--S--E--SL--K---GVVTISA-A---K-S--TT----T-TFIELSSLRP-SSTTVRYCAPPASQDRVGS---------------GSPGGPGWFKPWG-EGTLITVSS,DLE-MTQSPLSLAVSLGESISIPCRTSQSLVDS-----DKYNFPDL-LYAQ-K-P-G-I--S-PR-LLIYTG----------------SSR--A--T--GS--P---DRISASG-------S--GT----D-FTLTITKVEA-ERIATYYCQQPRNTP-----------------------RRINSQAFA-QSTKLEKK-,hv1,kv2,0.7840964,0.99947387,1.6347412e-32
EVR-LMESGA-VVKQPGQSLKVSAKDSGYAFR-------NTSYSIS-WPRG-A-P-G-Q--G-LE-WMGYIYPNS----------GDGTNR--S--Q--SV--Q---GLVTIST-N---K-S--IS----T-ASLQLSSLKA-EDTPVYATARHDGYHWFAY---------------TCHWMHGAADHWG-QITLVTESS,ETV-LTQSAATLSVTPGEGASLSCKALQSLVHN-----NGYNFIAA-FYNQ-K-P-G-Q--S-PK-RLIRGG----------------ANV--G--S--GI--P---SRYNASG-------S--GT----D-TSQTISALQS-EGVQVYYCEQYTTTP-----------------------KSPTSKTFP-GGTKVEIL-,hv7,kv3,0.010929846,0.9771649,0.0
KVE-RTQRGA-EVKKPDKSLKISCAASGYSAS-------DTSHYIN-WVQQ-A-P-G-K--A-LE-WIGIIYPSS----------GDRTKY--A--E--AF--Q---GRVTITR-D---G-S--KN----T-AYARCNSVTP-EGTAVRYCARHGSQTRFAI---------------GSYWPVDQEGFWR-QGTFVTVCS,GIV-LTQSPPSLSAPVGESATASARGSQSEVDA------DGYNYLQADYQQ-K-P-G-Q--A-GQ-LLIYGV----------------SNR--E--S--DV--P---ARLSNAG-------A--GT----G-YTTTISSIQS-ADFGVYFCQQANNT-------------------------PSGRVS------------,hv1,kv3,0.9837292,0.1640121,7.6379404e-35
EVD-TTQSLA-SAKMLGESVRISCKASGYTFT-------KPYYTYQ-WVKQ-T-K-A-E--I-LY-WVGVTDPAN----------SDVINY--Q--P--KE--Q---GRVTLGV-R---K-S--TS----T-NWMRRRSLRS-EDTNVYYCRRVRTYHYVNN---------------GGGWVDNWFHNFG-EGTMVTVSS,EIV-LTQSPASIALSTGERATISCRANHPFIHS------DGSNYLD-WVQQ-K-P-G-Q--S-PT-RHIYGA----------------SYH--E--T--DI--P---DWFSGSG-------T--GT----D-FTLTISVVEA-EDTGVYYCQQFSVSP-----------------------PDWEASNYG-DGTRVEIP-,hv1,kv2,0.08518831,0.00073267653,0.0
EAE-RVESGA-EVKKPGASTKISCKAAGYSFS-------STSYWMH-WVRQ-M-P-G-E--G-LE-WMGRIYPSK----------SCGSNR--S--M--KC--Q---GRVTLST-D---T-S--TN----T-ASLQLRSLTP-SDTATYRAARQAFHGWVGI---------------GSTWPDDWADVWA-QMTLVTVSS,EIV-NTQSPGTLSVSPGERATITCKASESTIAG------NSYPYIGVNYLK-K-P-G-Q--A-PK-FLIYSA----------------SNR--I--S--GI--P---SKFNESW-------S--GH----D-FALTISNIQS-FDFADYYCQHINSSP-----------------------PRYQSLTFG-AETKVEIK-,hv1,kv3,0.9942411,0.8882034,0.0
EVF-LLQAGP-FLTHTGSSLKVTCKNSGNSFT-------TGSYTIK-AVRQ-S-G-G-T--A-TF-WIGSIIPSN----------GYGTNT--A--K--TI--K---GRATISA-D---T-S--TN----T-AYMELSSLAS-EGSALYSCARDAQNSWVGR---------------GWYYGLNGFGMAG-QGTTVTVSS,ESV-MTGSEASLSVCPGESATISCRTTQSLIYS------DGTNYLH-WTQQ-K-T-G-Q--S-PK-LCIYSH----------------SKR--A--S--GV--S---GRTSGSG-------F--RT----D-ATLTISSTTA-EDVSTYYDQQALNPP-----------------------AHHGSSTYG-QGTRLEIK-,hv2,kv2,7.928976e-07,0.97867084,2.9293294e-34
EVD-LNQSGA-ETKITGQSIKVSCKTSGVSFP-------EADYATP-LTRQ-H-H-G-K--A-LE-WMGNTNYGT----------GYTTNY--G--P--KI--Q---VRVTLNS-G---K-S--TS----T-AYLPKKSLKA-EYTTIYYCVRDGHQTNVES---------------TGQGQIGYFNYWG-EGTLVTVSN,GIA-MTGSGSTISVSPGERATISCRASQSTVDK------SVSNYVH-WFQQ-L-P-A-T--S-TK-RIINGS----------------SNR--E--S--DV--P---SRTSGSK-------S--GH----D-PTLTISRLEP-EDVAVYYCQSYTSTP-----------------------SELVSQTYG-QATKAEIT-,hv1,kv6,0.0095086545,0.013313049,0.0
QAQ-LVQSGA-GVTKGAASVKLSCKTSGYSIS-------SYSYGVS-AVRQ-A-P-G-Q--G-PE-WVGGISPMS----------GPYTHY--A--Q--SV--Q---ARLTLTV-D---K-S--TS----T-AYLELTASNP-EDTATYYAARNARGTRVGV---------------GPHYLLDWHDYWG-AGTLVTVST,DIV-MHQSPTTLSVNVYEPATISCKTSNTLANG------DGSNYVV-WYQQ-K-A-G-Q--S-PK-RLIAGI----------------STR--A--T--GV--E---HKFSGNA-------S--GT----D-ITLTISSVEP-EDFAVHYDQQYRNWL-----------------------KKLISPTFG-GGTK-----,hv1,kv2,0.014731335,0.004804072,3.5508823e-16
QAQ-LEQSGV-EVVKPGSSVKVSSKTSGYWAS-------TTSHWIS-WVRR-S-P-A-K--G-FE-WMGGIQPGS----------GNYTNF--N--E--KY--Q---GRATITA-G---K-S--SN----T-AYTQLTSLTA-EGTTTYYCARNNTHDTYGS---------------GSSYPLDYFDVWG-QATTITVSS,EVV-LTQSPGTTSLPPGERATLSIHASHHLVDS------DGSTYVS-WYQE-K-S-G-Q--A-TR-RTIYGA----------------SNR--A--S--GI--V---GRFSGSG-------S--AT----G-YTLTIRSVES-EQSAVFFAQQFSSTP-----------------------QKWGSVTFG-HVTRLEIK-,hv1,kv3,0.891325,0.9804216,7.555062e-28
GNF-LVESGA-GATKPAPSLSVSCKVSGESFS-------SGSYGIS-WARQ-A-G-G-P--G-LE-WMGGIIPSS----------GEFINR--G--P--SF--Q---GKATITA-G---R-S--TT----T-AFFELSSLTS-EDTAVYYCMRPRRFDFYGL---------------TSYQPLGWHGYWG-QGTLATVSS,DAV-MTQSPPTLPVSVGESASISKKAAESVVSS------DAYNYLN-WYEE-N-P-G-Q--S-PE-MLIWAG----------------TNR--E--S--GI--P---DRFSGSG-------S--GT----G-FTLSISRVEA-GAVAVTYAMGSIAHP-----------------------KPWGTKTFG-QGTKVEIK-,hv4,kv2,0.00017240779,0.00037128298,2.9272274e-13
QAQ-IVQSGP-GLVKTGTSVKVSAKTTGYNFS-------NKNYIVS-WVRE-V-P-G-R--G-LE-AMGRIYGRD----------GDYTDR--A--E--KV--V---GKVTIST-D---K-D--KN----T-WYLQMSSLKA-EDTAVSYAARNDLVCYGGG---------------GRYGLHNAYDNAG-QGTLVTVSS,DIV-TTQTSGKLSISLGERVTINYKTSQSYVDG-----SGYNYTHH-AYEQ-K-D-G-K--Y-PK-LLIYGG----------------SNR--E--S--GV--P---DRDSGSN-------A--GT----D-VTLTISEVQS-DDKINRYCSQSTDYT-----------------------LYLDAVTFL-QGTTYEIK-,hv3,kv4,0.86926925,0.07619257,7.2656506e-23
EVR-LVQAGP-EVKQQKESAKLSCKTFGLSVS-------STHYGNN-WAHG-A-P-G-N--G-PE-AIGHILPMN----------GYGIHY--C--P--KV--Q---GNSTIST-D---K-T--TS----T-AYMDLSSATS-EDTAIYYCTVPATKLTYGT---------------ACGWGLSYFDPWA-QGTLATVSS,EIV-ITQSPITLPVSPGEPASITCRASQSVLHS------DGYNYLD-WVKQ-K-P-G-Q--A-PQ-HLIALA----------------SRR--A--S--GV--G---ARFSGSG-------S--GH----D-FTLKIRAVQS-EGVGVYYCQAANQTP-----------------------QGFGQQTFG-GGTKLEIK-,hv1,kv2,0.14501841,0.99977285,2.384647e-26
